{"cameraMode":{"drawMode":0,"name":"Shaded","section":"Shading Mode"},"sceneLighting":true,"audioPlay":false,"sceneViewState":{"showFog":true,"showMaterialUpdate":false,"showSkybox":true,"showFlares":true,"showImageEffects":true,"showParticleSystems":true},"in2DMode":false,"pivot":{"x":775.77197265625,"y":1547.719970703125,"z":-32.04736328125},"rotation":{"x":-0.00869083497673273,"y":0.0033114831894636156,"z":-0.000054716063459636644,"w":0.9999898672103882},"size":4277.30078125,"orthographic":false}