{"cameraMode":{"drawMode":0,"name":"Shaded","section":"Shading Mode"},"sceneLighting":false,"audioPlay":false,"sceneViewState":{"showFog":true,"showMaterialUpdate":false,"showSkybox":false,"showFlares":true,"showImageEffects":true,"showParticleSystems":true},"in2DMode":false,"pivot":{"x":-0.1375001072883606,"y":0.3262525200843811,"z":0.0},"rotation":{"x":0.042262282222509387,"y":-0.044640641659498218,"z":0.0017619875725358725,"w":0.9981471300125122},"size":2.1442956924438478,"orthographic":false}