{"cameraMode":{"drawMode":0,"name":"Shaded","section":"Shading Mode"},"sceneLighting":true,"audioPlay":false,"sceneViewState":{"showFog":true,"showMaterialUpdate":false,"showSkybox":true,"showFlares":true,"showImageEffects":true,"showParticleSystems":true},"in2DMode":false,"pivot":{"x":526.4478759765625,"y":1868.1607666015625,"z":-655.669677734375},"rotation":{"x":0.042262282222509387,"y":-0.044640641659498218,"z":0.0017619875725358725,"w":0.9981471300125122},"size":2257.495849609375,"orthographic":false}